user_id,proba
1.0,0.022083375602960587
2.0,0.04866280406713486
3.0,0.37927737832069397
4.0,0.0639878660440445
5.0,0.12411730736494064
6.0,0.04897572100162506
7.0,0.522307813167572
8.0,0.007478719111531973
9.0,0.004196754191070795
10.0,0.5374765992164612
11.0,0.08024496585130692
12.0,0.600986659526825
13.0,0.5621930956840515
14.0,0.16911570727825165
15.0,0.43508076667785645
16.0,0.5829194784164429
17.0,0.04003100097179413
18.0,0.11752746254205704
19.0,0.29147180914878845
20.0,0.6071648001670837
21.0,0.4455384314060211
22.0,0.04598463699221611
23.0,0.04459952563047409
24.0,0.3656803071498871
25.0,0.085820272564888
26.0,0.05156571790575981
27.0,0.6227045655250549
28.0,0.32765746116638184
29.0,0.036578305065631866
30.0,0.10783464461565018
31.0,0.08205363899469376
32.0,0.43396151065826416
33.0,0.07805494219064713
34.0,0.3251437544822693
35.0,0.19618912041187286
36.0,0.017797986045479774
37.0,0.5321112275123596
38.0,0.5776779055595398
39.0,0.09158642590045929
40.0,0.012474123388528824
41.0,0.5810502171516418
42.0,0.2862282693386078
43.0,0.5914179086685181
44.0,0.1096586063504219
45.0,0.024695035070180893
46.0,0.2653946578502655
47.0,0.24605247378349304
48.0,0.4401996433734894
49.0,0.6349418759346008
50.0,0.012108922004699707
51.0,0.09610818326473236
52.0,0.5380134582519531
53.0,0.04137413576245308
54.0,0.22349190711975098
55.0,0.039190538227558136
56.0,0.13818278908729553
57.0,0.419969379901886
58.0,0.5898067355155945
59.0,0.5486937761306763
60.0,0.2625761330127716
61.0,0.3018428385257721
62.0,0.6254006028175354
63.0,0.07649120688438416
64.0,0.13949057459831238
65.0,0.11898799240589142
66.0,0.3269011378288269
67.0,0.37460702657699585
68.0,0.16079078614711761
69.0,0.03090660274028778
70.0,0.1546446532011032
71.0,0.6135411858558655
72.0,0.5867405533790588
73.0,0.09864240139722824
74.0,0.369784414768219
75.0,0.023873690515756607
76.0,0.3902224898338318
77.0,0.5995556116104126
78.0,0.017092710360884666
79.0,0.5935242176055908
80.0,0.17577001452445984
81.0,0.3704180419445038
82.0,0.2913152277469635
83.0,0.09306003153324127
84.0,0.5533083081245422
85.0,0.5666310787200928
86.0,0.1613594889640808
87.0,0.5873119235038757
88.0,0.16705547273159027
89.0,0.5530452728271484
90.0,0.2646755874156952
91.0,0.3751785159111023
92.0,0.2908806800842285
93.0,0.06647125631570816
94.0,0.23388202488422394
95.0,0.23798123002052307
96.0,0.07389424741268158
97.0,0.021597012877464294
98.0,0.6114558577537537
99.0,0.07009264081716537
100.0,0.6125231981277466
101.0,0.14336946606636047
102.0,0.030780527740716934
103.0,0.11291737109422684
104.0,0.16668865084648132
105.0,0.22229140996932983
106.0,0.0990472063422203
107.0,0.0921061635017395
108.0,0.037504151463508606
109.0,0.3670138418674469
110.0,0.15477432310581207
111.0,0.09513621032238007
112.0,0.08136967569589615
113.0,0.2086108922958374
114.0,0.5811911821365356
115.0,0.41090720891952515
116.0,0.038153961300849915
117.0,0.5759097933769226
118.0,0.03259378671646118
119.0,0.593497633934021
120.0,0.577664315700531
121.0,0.07059403508901596
122.0,0.08891399204730988
123.0,0.31655874848365784
124.0,0.4319593012332916
125.0,0.5949482321739197
126.0,0.5831882357597351
127.0,0.0810045376420021
128.0,0.35852834582328796
129.0,0.15429632365703583
130.0,0.11261649429798126
131.0,0.6285070180892944
132.0,0.14879049360752106
133.0,0.07346287369728088
134.0,0.03637467324733734
135.0,0.008042658679187298
136.0,0.5575563311576843
137.0,0.15660829842090607
138.0,0.3404652774333954
139.0,0.1510980725288391
140.0,0.567075252532959
141.0,0.08030592650175095
142.0,0.057209864258766174
143.0,0.22684724628925323
144.0,0.15281175076961517
145.0,0.31438007950782776
146.0,0.2328515350818634
147.0,0.6690902709960938
148.0,0.009154186584055424
149.0,0.5826924443244934
150.0,0.1489170640707016
151.0,0.04406774044036865
152.0,0.03497444838285446
153.0,0.31366410851478577
154.0,0.006784534547477961
155.0,0.020056189969182014
156.0,0.17211417853832245
157.0,0.5613275170326233
158.0,0.036211758852005005
159.0,0.24077270925045013
160.0,0.02033783495426178
161.0,0.30980610847473145
162.0,0.03357740491628647
163.0,0.011239350773394108
164.0,0.20313897728919983
165.0,0.5762406587600708
166.0,0.5910726189613342
167.0,0.13493962585926056
168.0,0.6242859959602356
169.0,0.0950562134385109
170.0,0.2155342400074005
171.0,0.04984147846698761
172.0,0.0692358985543251
173.0,0.013643167912960052
174.0,0.5449445843696594
175.0,0.10012216866016388
176.0,0.3326616883277893
177.0,0.09802958369255066
178.0,0.2768614590167999
179.0,0.6195815205574036
180.0,0.5875092148780823
181.0,0.2792890667915344
182.0,0.5228069424629211
183.0,0.016463132575154305
184.0,0.5405310392379761
185.0,0.5738142728805542
186.0,0.5869231820106506
187.0,0.06352299451828003
188.0,0.14554907381534576
189.0,0.4088151156902313
190.0,0.09175616502761841
191.0,0.12286180257797241
192.0,0.4907625913619995
193.0,0.25708550214767456
194.0,0.5962041616439819
195.0,0.4332612156867981
196.0,0.03307328745722771
197.0,0.4064062833786011
198.0,0.2712486982345581
199.0,0.07689221948385239
200.0,0.3684155344963074
201.0,0.6173163652420044
202.0,0.3265567719936371
203.0,0.30418285727500916
204.0,0.14122579991817474
205.0,0.49625447392463684
206.0,0.03810512647032738
207.0,0.5888436436653137
208.0,0.14650316536426544
209.0,0.5940778851509094
210.0,0.06836508959531784
211.0,0.6411972045898438
212.0,0.5846412181854248
213.0,0.20475205779075623
214.0,0.5539307594299316
215.0,0.013037849217653275
216.0,0.18884357810020447
217.0,0.46548160910606384
218.0,0.092930369079113
219.0,0.4120098650455475
220.0,0.224121555685997
221.0,0.239850714802742
222.0,0.029407890513539314
223.0,0.2879919707775116
224.0,0.5702019929885864
225.0,0.09518612921237946
226.0,0.6448961496353149
227.0,0.040110282599925995
228.0,0.6173717379570007
229.0,0.5911000370979309
230.0,0.0038534558843821287
231.0,0.4387737810611725
232.0,0.6196675300598145
233.0,0.5526612997055054
234.0,0.21700851619243622
235.0,0.48515626788139343
236.0,0.09851058572530746
237.0,0.15662303566932678
238.0,0.045621078461408615
239.0,0.5894458889961243
240.0,0.6121968626976013
241.0,0.09440572559833527
242.0,0.14436720311641693
243.0,0.039102084934711456
244.0,0.5285661220550537
245.0,0.5494298934936523
246.0,0.1100609302520752
247.0,0.4140649437904358
248.0,0.43810808658599854
249.0,0.19768448173999786
250.0,0.07743813097476959
251.0,0.04255107045173645
252.0,0.1726672649383545
253.0,0.013634391129016876
254.0,0.134035125374794
255.0,0.570327639579773
256.0,0.038186971098184586
257.0,0.5874987244606018
258.0,0.10784158855676651
259.0,0.2124502807855606
260.0,0.5939337015151978
261.0,0.06841998547315598
262.0,0.5908745527267456
263.0,0.6030480265617371
264.0,0.5850858688354492
265.0,0.030401960015296936
266.0,0.5449466109275818
267.0,0.25054872035980225
268.0,0.1239253506064415
269.0,0.5880585312843323
270.0,0.13066241145133972
271.0,0.6129740476608276
272.0,0.10526447743177414
273.0,0.0949937179684639
274.0,0.24405910074710846
275.0,0.14133168756961823
276.0,0.2852996289730072
277.0,0.049542445689439774
278.0,0.3796996772289276
279.0,0.09174947440624237
280.0,0.5716671943664551
281.0,0.5582732558250427
282.0,0.5673811435699463
283.0,0.13191723823547363
284.0,0.4705633223056793
285.0,0.047369346022605896
286.0,0.04003265127539635
287.0,0.5985456109046936
288.0,0.04261959344148636
289.0,0.23949967324733734
290.0,0.5630409121513367
291.0,0.17132964730262756
292.0,0.6003338694572449
293.0,0.6631656885147095
294.0,0.5376728177070618
295.0,0.06001383438706398
296.0,0.024569550529122353
297.0,0.6164160966873169
298.0,0.48864421248435974
299.0,0.5900082588195801
300.0,0.6394454836845398
301.0,0.6069567203521729
302.0,0.10782252252101898
303.0,0.19939015805721283
304.0,0.08100023865699768
305.0,0.6408860683441162
306.0,0.40112021565437317
307.0,0.3280560374259949
308.0,0.16306093335151672
309.0,0.23472777009010315
310.0,0.2953551709651947
311.0,0.29822784662246704
312.0,0.6081701517105103
313.0,0.591037392616272
314.0,0.6301559209823608
315.0,0.0011299557518213987
316.0,0.12382016330957413
317.0,0.5356836915016174
318.0,0.022467967122793198
319.0,0.2571987211704254
320.0,0.5040048360824585
321.0,0.17938552796840668
322.0,0.08769145607948303
323.0,0.6082640290260315
324.0,0.039334338158369064
325.0,0.33829042315483093
326.0,0.02629152685403824
327.0,0.5200128555297852
328.0,0.0906432718038559
329.0,0.060085754841566086
330.0,0.09526558965444565
331.0,0.21805819869041443
332.0,0.08809970319271088
333.0,0.5868986248970032
334.0,0.6364699602127075
335.0,0.5920472145080566
336.0,0.6358070373535156
337.0,0.23708130419254303
338.0,0.43934494256973267
339.0,0.05095389485359192
340.0,0.5162820816040039
341.0,0.28413674235343933
342.0,0.33363768458366394
343.0,0.5706637501716614
344.0,0.555292546749115
345.0,0.36883339285850525
346.0,0.4767538607120514
347.0,0.3231360614299774
348.0,0.053066689521074295
349.0,0.00284312991425395
350.0,0.10292880982160568
351.0,0.2790968418121338
352.0,0.6431020498275757
353.0,0.17448273301124573
354.0,0.6457959413528442
355.0,0.13879403471946716
356.0,0.07877697050571442
357.0,0.20142599940299988
358.0,0.6247616410255432
359.0,0.5414901375770569
360.0,0.20565903186798096
361.0,0.3781508505344391
362.0,0.5868244171142578
363.0,0.03532048687338829
364.0,0.5865193009376526
365.0,0.5704885721206665
366.0,0.6334275007247925
367.0,0.6393442153930664
368.0,0.6222158074378967
369.0,0.40730977058410645
370.0,0.5833470821380615
371.0,0.6105358600616455
372.0,0.03661813214421272
373.0,0.008446668274700642
374.0,0.08877526968717575
375.0,0.22370456159114838
376.0,0.5706149339675903
377.0,0.43069159984588623
378.0,0.4636520445346832
379.0,0.05937385559082031
380.0,0.027246030047535896
381.0,0.6151339411735535
382.0,0.1560768187046051
383.0,0.5349675416946411
384.0,0.2051377147436142
385.0,0.09770400822162628
386.0,0.2422972470521927
387.0,0.5803649425506592
388.0,0.06693561375141144
389.0,0.6392651200294495
390.0,0.5768644213676453
391.0,0.5707605481147766
392.0,0.31175073981285095
393.0,0.37990233302116394
394.0,0.03343721106648445
395.0,0.022048601880669594
396.0,0.21441614627838135
397.0,0.6400400400161743
398.0,0.2538696825504303
399.0,0.26083049178123474
400.0,0.21975648403167725
401.0,0.09722407162189484
402.0,0.5672299861907959
403.0,0.053515322506427765
404.0,0.29481998085975647
405.0,0.2622547149658203
406.0,0.31836116313934326
407.0,0.5882458090782166
408.0,0.15676100552082062
409.0,0.6253507733345032
410.0,0.45837318897247314
411.0,0.013077953830361366
412.0,0.3385734558105469
413.0,0.12589773535728455
414.0,0.236078143119812
415.0,0.5699746012687683
416.0,0.580559253692627
417.0,0.3908499777317047
418.0,0.6705904603004456
419.0,0.04007986560463905
420.0,0.30636510252952576
421.0,0.48304566740989685
422.0,0.5821976065635681
423.0,0.6768221259117126
424.0,0.07359056174755096
425.0,0.2001146376132965
426.0,0.18583601713180542
427.0,0.4375104308128357
428.0,0.25846177339553833
429.0,0.506379246711731
430.0,0.15496131777763367
431.0,0.3701585829257965
432.0,0.25533080101013184
433.0,0.5747013092041016
434.0,0.01144164614379406
435.0,0.2593555450439453
436.0,0.6070582866668701
437.0,0.6094329357147217
438.0,0.399403840303421
439.0,0.4245021939277649
440.0,0.6188628673553467
441.0,0.023083806037902832
442.0,0.1347120851278305
443.0,0.13920915126800537
444.0,0.38191691040992737
445.0,0.23034489154815674
446.0,0.43240979313850403
447.0,0.27467048168182373
448.0,0.05426691845059395
449.0,0.09706971049308777
450.0,0.2423667460680008
451.0,0.41503655910491943
452.0,0.05892958119511604
453.0,0.5994293093681335
454.0,0.1605154424905777
455.0,0.5111566781997681
456.0,0.021945061162114143
457.0,0.002645142376422882
458.0,0.269529789686203
459.0,0.26347798109054565
460.0,0.03308684006333351
461.0,0.552183985710144
462.0,0.6303913593292236
463.0,0.04500877857208252
464.0,0.6225488185882568
465.0,0.02005709335207939
466.0,0.24416761100292206
467.0,0.640724778175354
468.0,0.011127091012895107
469.0,0.1947028636932373
470.0,0.5346741676330566
471.0,0.1243840679526329
472.0,0.31035128235816956
473.0,0.03529230132699013
474.0,0.2947400212287903
475.0,0.3465235233306885
476.0,0.594079315662384
477.0,0.600837767124176
478.0,0.020471345633268356
479.0,0.10383754968643188
480.0,0.5580987930297852
481.0,0.3009914755821228
482.0,0.48887118697166443
483.0,0.0808100476861
484.0,0.1225048080086708
485.0,0.05406714975833893
486.0,0.17053772509098053
487.0,0.06403838843107224
488.0,0.622141420841217
489.0,0.06357152760028839
490.0,0.13173148036003113
491.0,0.4554562568664551
492.0,0.10630767792463303
493.0,0.5750663876533508
494.0,0.1083916425704956
495.0,0.08868978917598724
496.0,0.30824393033981323
497.0,0.041244544088840485
498.0,0.5251173973083496
499.0,0.400546669960022
500.0,0.5604615807533264
501.0,0.18291917443275452
502.0,0.0952705591917038
503.0,0.5886256098747253
504.0,0.3888540267944336
505.0,0.6219291090965271
506.0,0.24848617613315582
507.0,0.3275180459022522
508.0,0.052262820303440094
509.0,0.31605783104896545
510.0,0.470445841550827
511.0,0.08884892612695694
512.0,0.10325242578983307
513.0,0.12217015027999878
514.0,0.15774410963058472
515.0,0.08232142776250839
516.0,0.5939857959747314
517.0,0.6088884472846985
518.0,0.04392562806606293
519.0,0.6337162852287292
520.0,0.04337623342871666
521.0,0.5678253769874573
522.0,0.15283086895942688
523.0,0.53288334608078
524.0,0.5907564163208008
525.0,0.16125576198101044
526.0,0.2925291061401367
527.0,0.17288364470005035
528.0,0.5496243834495544
529.0,0.014044281095266342
530.0,0.07137764245271683
531.0,0.631693959236145
532.0,0.6291438937187195
533.0,0.5907914638519287
534.0,0.24254460632801056
535.0,0.1147296354174614
536.0,0.0207396037876606
537.0,0.5072507858276367
538.0,0.39688974618911743
539.0,0.29244938492774963
540.0,0.0690678209066391
541.0,0.36040252447128296
542.0,0.4839220643043518
543.0,0.6135511994361877
544.0,0.3242451846599579
545.0,0.3712828755378723
546.0,0.2171243578195572
547.0,0.34291934967041016
548.0,0.1335992068052292
549.0,0.5723094344139099
550.0,0.12930060923099518
551.0,0.6136152744293213
552.0,0.04299614951014519
553.0,0.5548565983772278
554.0,0.6232176423072815
555.0,0.4675014615058899
556.0,0.5719627141952515
557.0,0.5951728224754333
558.0,0.09719672799110413
559.0,0.324432373046875
560.0,0.5931445360183716
561.0,0.24987001717090607
562.0,0.10385765880346298
563.0,0.6242453455924988
564.0,0.11719552427530289
565.0,0.6352009177207947
566.0,0.05436975508928299
567.0,0.13653600215911865
568.0,0.6329123973846436
569.0,0.5924952626228333
570.0,0.38402509689331055
571.0,0.1534491926431656
572.0,0.31959477066993713
573.0,0.5975221991539001
574.0,0.22069257497787476
575.0,0.16984166204929352
576.0,0.6066650152206421
577.0,0.5770512819290161
578.0,0.08532942831516266
579.0,0.34675681591033936
580.0,0.5978437066078186
581.0,0.5795900821685791
582.0,0.36538243293762207
583.0,0.02363472804427147
584.0,0.6396923065185547
585.0,0.597077488899231
586.0,0.05258038267493248
587.0,0.22315388917922974
588.0,0.4103427529335022
589.0,0.02922425977885723
590.0,0.5672736763954163
591.0,0.31382837891578674
592.0,0.18757708370685577
593.0,0.3282594680786133
594.0,0.39206424355506897
595.0,0.17775306105613708
596.0,0.06123872473835945
597.0,0.2924254238605499
598.0,0.25181376934051514
599.0,0.5732651352882385
600.0,0.05480735003948212
601.0,0.541979193687439
602.0,0.2711230516433716
603.0,0.4471161961555481
604.0,0.15732164680957794
605.0,0.03500966727733612
606.0,0.18532061576843262
607.0,0.5917729139328003
608.0,0.08015670627355576
609.0,0.6330270171165466
610.0,0.285878986120224
611.0,0.5452437400817871
612.0,0.6282162666320801
613.0,0.6194621920585632
614.0,0.466978520154953
615.0,0.19711174070835114
616.0,0.6489784121513367
617.0,0.06772103160619736
618.0,0.06705540418624878
619.0,0.30727168917655945
620.0,0.05434536561369896
621.0,0.5761412382125854
622.0,0.0651150792837143
623.0,0.3620445132255554
624.0,0.45075151324272156
625.0,0.0661541298031807
626.0,0.5766206979751587
627.0,0.12693767249584198
628.0,0.15558287501335144
629.0,0.01688394509255886
630.0,0.3206227719783783
631.0,0.6062479615211487
632.0,0.3586924970149994
633.0,0.6479007601737976
634.0,0.12909042835235596
635.0,0.6331320405006409
636.0,0.042160335928201675
637.0,0.09373503923416138
638.0,0.2739095687866211
639.0,0.07419566065073013
640.0,0.09282062202692032
641.0,0.3295398950576782
642.0,0.45143041014671326
643.0,0.17444957792758942
644.0,0.5542662739753723
645.0,0.10297657549381256
646.0,0.02718394249677658
647.0,0.3612103760242462
648.0,0.192409947514534
649.0,0.11600970476865768
650.0,0.10892340540885925
651.0,0.4683525264263153
652.0,0.240373432636261
653.0,0.4087141454219818
654.0,0.5830949544906616
655.0,0.07519932836294174
656.0,0.06111420318484306
657.0,0.5671600699424744
658.0,0.6016055345535278
659.0,0.3895267844200134
660.0,0.022154448553919792
661.0,0.3890298902988434
662.0,0.459647536277771
663.0,0.08313588052988052
664.0,0.08610084652900696
665.0,0.2992832064628601
666.0,0.4417923390865326
667.0,0.06016642600297928
668.0,0.5556167960166931
669.0,0.5977869629859924
670.0,0.609978973865509
671.0,0.59913170337677
672.0,0.14224117994308472
673.0,0.6687672734260559
674.0,0.2370535433292389
675.0,0.09419197589159012
676.0,0.08072221279144287
677.0,0.1568448394536972
678.0,0.08686032146215439
679.0,0.10758589953184128
680.0,0.6307937502861023
681.0,0.0972973182797432
682.0,0.592185914516449
683.0,0.13865038752555847
684.0,0.10346467792987823
685.0,0.5002334117889404
686.0,0.6074108481407166
687.0,0.1281793713569641
688.0,0.22838817536830902
689.0,0.004621526692062616
690.0,0.49592986702919006
691.0,0.1057346984744072
692.0,0.5457441806793213
693.0,0.1681128442287445
694.0,0.11999616026878357
695.0,0.3235345482826233
696.0,0.16587574779987335
697.0,0.4932911992073059
698.0,0.0262601301074028
699.0,0.2318209558725357
700.0,0.5129548907279968
701.0,0.5973158478736877
702.0,0.6318153142929077
703.0,0.06427565962076187
704.0,0.21348029375076294
705.0,0.19641049206256866
706.0,0.37158408761024475
707.0,0.5818877816200256
708.0,0.6152025461196899
709.0,0.02575499564409256
710.0,0.6198814511299133
711.0,0.22774900496006012
712.0,0.33536404371261597
713.0,0.3853369653224945
714.0,0.11660103499889374
715.0,0.21498940885066986
716.0,0.0986095666885376
717.0,0.1597314476966858
718.0,0.5846781730651855
719.0,0.5674346089363098
720.0,0.6006280183792114
721.0,0.23530974984169006
722.0,0.6039857864379883
723.0,0.11058524996042252
724.0,0.6117790341377258
725.0,0.4763454496860504
726.0,0.5774396061897278
727.0,0.08115825802087784
728.0,0.6078723669052124
729.0,0.3793034255504608
730.0,0.1407356560230255
731.0,0.5953186750411987
732.0,0.6322973370552063
733.0,0.19848676025867462
734.0,0.10637620836496353
735.0,0.08835110813379288
736.0,0.05322886258363724
737.0,0.10033503919839859
738.0,0.08948317170143127
739.0,0.5680816769599915
740.0,0.0860673114657402
741.0,0.5465556979179382
742.0,0.10948923230171204
743.0,0.2527850866317749
744.0,0.1541762351989746
745.0,0.33438557386398315
746.0,0.543489933013916
747.0,0.00898061878979206
748.0,0.6230079531669617
749.0,0.06813167035579681
750.0,0.15223124623298645
751.0,0.17066940665245056
752.0,0.6108202338218689
753.0,0.10097774863243103
754.0,0.6266645789146423
755.0,0.23788410425186157
756.0,0.4264834225177765
757.0,0.24971088767051697
758.0,0.5499435067176819
759.0,0.6073389649391174
760.0,0.5935893058776855
761.0,0.6415652632713318
762.0,0.02558601088821888
763.0,0.36026495695114136
764.0,0.5462130904197693
765.0,0.11181876808404922
766.0,0.16118930280208588
767.0,0.3084881007671356
768.0,0.5400979518890381
769.0,0.26539942622184753
770.0,0.201100692152977
771.0,0.015146155841648579
772.0,0.21827852725982666
773.0,0.6052836775779724
774.0,0.5525521039962769
775.0,0.08870799839496613
776.0,0.20121286809444427
777.0,0.12476477026939392
778.0,0.05538172647356987
779.0,0.17378248274326324
780.0,0.4424016773700714
781.0,0.6175183653831482
782.0,0.3409750461578369
783.0,0.09028350561857224
784.0,0.05191664397716522
785.0,0.030819136649370193
786.0,0.44445696473121643
787.0,0.16364362835884094
788.0,0.01380023080855608
789.0,0.6299318075180054
790.0,0.09037429094314575
791.0,0.6273312568664551
792.0,0.11335746198892593
793.0,0.5564619302749634
794.0,0.029090825468301773
795.0,0.15279704332351685
796.0,0.45552125573158264
797.0,0.4344211518764496
798.0,0.37034082412719727
799.0,0.5829925537109375
800.0,0.04668297618627548
801.0,0.5764429569244385
802.0,0.589738667011261
803.0,0.17844004929065704
804.0,0.5794677734375
805.0,0.2688877582550049
806.0,0.2033921778202057
807.0,0.06605161726474762
808.0,0.39883527159690857
809.0,0.4535854756832123
810.0,0.20530401170253754
811.0,0.6610214710235596
812.0,0.5591977834701538
813.0,0.629184901714325
814.0,0.31043586134910583
815.0,0.06900554895401001
816.0,0.26551270484924316
817.0,0.0670398399233818
818.0,0.6045056581497192
819.0,0.4935356676578522
820.0,0.2048639953136444
821.0,0.39387986063957214
822.0,0.23932310938835144
823.0,0.21752475202083588
824.0,0.3249973952770233
825.0,0.19169576466083527
826.0,0.40970611572265625
827.0,0.13067393004894257
828.0,0.09345215559005737
829.0,0.587491512298584
830.0,0.04167458415031433
831.0,0.15415775775909424
832.0,0.03813253715634346
833.0,0.5668997168540955
834.0,0.24885578453540802
835.0,0.43557363748550415
836.0,0.6110796928405762
837.0,0.049588341265916824
838.0,0.1034281775355339
839.0,0.48525673151016235
840.0,0.11991573125123978
841.0,0.33329537510871887
842.0,0.034074269235134125
843.0,0.5107269883155823
844.0,0.5913949012756348
845.0,0.27110379934310913
846.0,0.47521933913230896
847.0,0.06242822855710983
848.0,0.041929248720407486
849.0,0.5770549774169922
850.0,0.18810050189495087
851.0,0.6315739154815674
852.0,0.2989727556705475
853.0,0.22297906875610352
854.0,0.11156535893678665
855.0,0.6114745736122131
856.0,0.0713091790676117
857.0,0.5549512505531311
858.0,0.14468804001808167
859.0,0.6038632988929749
860.0,0.1003691554069519
861.0,0.3431093394756317
862.0,0.5708011984825134
863.0,0.08299989998340607
864.0,0.6213239431381226
865.0,0.2409931719303131
866.0,0.12314453721046448
867.0,0.08173807710409164
868.0,0.2816273272037506
869.0,0.06934085488319397
870.0,0.39561644196510315
871.0,0.6187158823013306
872.0,0.5841595530509949
873.0,0.6297256946563721
874.0,0.062278490513563156
875.0,0.6161904335021973
876.0,0.09514995664358139
877.0,0.6577428579330444
878.0,0.2622087001800537
879.0,0.5378586649894714
880.0,0.21964983642101288
881.0,0.08378469944000244
882.0,0.6338981986045837
883.0,0.5499746799468994
884.0,0.23606637120246887
885.0,0.44003260135650635
886.0,0.029298782348632812
887.0,0.02537265419960022
888.0,0.22099071741104126
889.0,0.11863356828689575
890.0,0.3146173059940338
891.0,0.09157117456197739
892.0,0.2935382127761841
893.0,0.08546649664640427
894.0,0.10974092781543732
895.0,0.6119251251220703
896.0,0.2291603684425354
897.0,0.23756711184978485
898.0,0.24857571721076965
899.0,0.5409138202667236
900.0,0.5955766439437866
901.0,0.6141080856323242
902.0,0.022826168686151505
903.0,0.3523465096950531
904.0,0.2896280288696289
905.0,0.03120538964867592
906.0,0.18000954389572144
907.0,0.686208963394165
908.0,0.18925046920776367
909.0,0.02785078063607216
910.0,0.44413191080093384
911.0,0.15232914686203003
912.0,0.07622537761926651
913.0,0.3230774998664856
914.0,0.5955166220664978
915.0,0.6576186418533325
916.0,0.617790162563324
917.0,0.23018710315227509
918.0,0.6821319460868835
919.0,0.03201932832598686
920.0,0.1821436882019043
921.0,0.6113868355751038
922.0,0.40880128741264343
923.0,0.05551699921488762
924.0,0.3750298023223877
925.0,0.04278310015797615
926.0,0.5630024075508118
927.0,0.19183576107025146
928.0,0.6686749458312988
929.0,0.017614437267184258
930.0,0.09212927520275116
931.0,0.1494939625263214
932.0,0.09261748939752579
933.0,0.37862807512283325
934.0,0.20121030509471893
935.0,0.45285895466804504
936.0,0.07632936537265778
937.0,0.06723757088184357
938.0,0.37720873951911926
939.0,0.03350462391972542
940.0,0.3954142928123474
941.0,0.3425321877002716
942.0,0.09379526972770691
943.0,0.5773277282714844
944.0,0.6511943340301514
945.0,0.36499738693237305
946.0,0.09553366899490356
947.0,0.09444233775138855
948.0,0.3728561997413635
949.0,0.038603276014328
950.0,0.029763199388980865
951.0,0.62154620885849
952.0,0.05791813135147095
953.0,0.6264217495918274
954.0,0.6488000154495239
955.0,0.3196934759616852
956.0,0.005216167774051428
957.0,0.24855582416057587
958.0,0.5074347257614136
959.0,0.1528480052947998
960.0,0.5771833062171936
961.0,0.1885136514902115
962.0,0.15390007197856903
963.0,0.5770067572593689
964.0,0.562476634979248
965.0,0.29672005772590637
966.0,0.45976608991622925
967.0,0.5492001175880432
968.0,0.49707654118537903
969.0,0.39534857869148254
970.0,0.14448542892932892
971.0,0.5856903195381165
972.0,0.4911329746246338
973.0,0.08870237320661545
974.0,0.18609251081943512
975.0,0.05783027410507202
976.0,0.4021376073360443
977.0,0.16412776708602905
978.0,0.5656111240386963
979.0,0.21245694160461426
980.0,0.2721819579601288
981.0,0.033546339720487595
982.0,0.014368594624102116
983.0,0.31381309032440186
984.0,0.6306397318840027
985.0,0.031101128086447716
986.0,0.1623837947845459
987.0,0.5709878206253052
988.0,0.5993346571922302
989.0,0.5952508449554443
990.0,0.3852742314338684
991.0,0.22165043652057648
992.0,0.6369062662124634
993.0,0.02855084091424942
994.0,0.32576295733451843
995.0,0.21942855417728424
996.0,0.29767677187919617
997.0,0.28569892048835754
998.0,0.5868993401527405
999.0,0.26305702328681946
1000.0,0.19677883386611938
1001.0,0.18591012060642242
1002.0,0.636329174041748
1003.0,0.04239672049880028
1004.0,0.17169548571109772
1005.0,0.0952460914850235
1006.0,0.3610568642616272
1007.0,0.4779992699623108
1008.0,0.5631164908409119
1009.0,0.475164532661438
1010.0,0.5073156356811523
1011.0,0.5916139483451843
1012.0,0.15218773484230042
1013.0,0.17347398400306702
1014.0,0.4247119426727295
1015.0,0.09811127930879593
1016.0,0.589516282081604
1017.0,0.5466899275779724
1018.0,0.0989689975976944
1019.0,0.5752882957458496
1020.0,0.5587981343269348
1021.0,0.5623285174369812
1022.0,0.2746141254901886
1023.0,0.35650092363357544
1024.0,0.02958454005420208
1025.0,0.3065333366394043
1026.0,0.01868022233247757
1027.0,0.05546749755740166
1028.0,0.6619635820388794
1029.0,0.00803178921341896
1030.0,0.5722671151161194
1031.0,0.5545886158943176
1032.0,0.13348348438739777
1033.0,0.5746346116065979
1034.0,0.08212411403656006
1035.0,0.6148629188537598
1036.0,0.21204334497451782
1037.0,0.29227638244628906
1038.0,0.13839326798915863
1039.0,0.44017377495765686
1040.0,0.6683676838874817
1041.0,0.5802093148231506
1042.0,0.15735945105552673
1043.0,0.3102175295352936
1044.0,0.13656440377235413
1045.0,0.6427338123321533
1046.0,0.22898827493190765
1047.0,0.06968371570110321
1048.0,0.19295449554920197
1049.0,0.6022882461547852
1050.0,0.35419899225234985
1051.0,0.14639703929424286
1052.0,0.25716522336006165
1053.0,0.6162346005439758
1054.0,0.05017783120274544
1055.0,0.5174228549003601
1056.0,0.37683913111686707
1057.0,0.3588101863861084
1058.0,0.14366522431373596
1059.0,0.06380581110715866
1060.0,0.46833476424217224
1061.0,0.06886308640241623
1062.0,0.1225309744477272
1063.0,0.17181771993637085
1064.0,0.2306949645280838
1065.0,0.17078754305839539
1066.0,0.11813759803771973
1067.0,0.1181238517165184
1068.0,0.5767894387245178
1069.0,0.6441136002540588
1070.0,0.018095018342137337
1071.0,0.6401464343070984
1072.0,0.15208345651626587
1073.0,0.06073808670043945
1074.0,0.11279039829969406
1075.0,0.059191714972257614
1076.0,0.5433801412582397
1077.0,0.06482401490211487
1078.0,0.1724078506231308
1079.0,0.2673734128475189
1080.0,0.2215542197227478
1081.0,0.25867411494255066
1082.0,0.5458740592002869
1083.0,0.07973983883857727
1084.0,0.010960342362523079
1085.0,0.36055848002433777
1086.0,0.40245261788368225
1087.0,0.5836974382400513
1088.0,0.24892070889472961
1089.0,0.5465765595436096
1090.0,0.1550719439983368
1091.0,0.19433538615703583
1092.0,0.590894341468811
1093.0,0.1732398271560669
1094.0,0.02823374606668949
1095.0,0.5405260920524597
1096.0,0.24708200991153717
1097.0,0.505782961845398
1098.0,0.15899036824703217
1099.0,0.04878636449575424
1100.0,0.04471779242157936
1101.0,0.03470933064818382
1102.0,0.05282294377684593
1103.0,0.5676828026771545
1104.0,0.04163960739970207
1105.0,0.07788195461034775
1106.0,0.45103442668914795
1107.0,0.19465182721614838
1108.0,0.574699878692627
1109.0,0.14891913533210754
1110.0,0.34646889567375183
1111.0,0.11790965497493744
1112.0,0.45109403133392334
1113.0,0.4395495355129242
1114.0,0.18901163339614868
1115.0,0.13256290555000305
1116.0,0.09729090332984924
1117.0,0.1794193685054779
1118.0,0.5972179174423218
1119.0,0.4799202084541321
1120.0,0.3599660396575928
1121.0,0.17090602219104767
1122.0,0.5984575152397156
1123.0,0.6399702429771423
1124.0,0.21254201233386993
1125.0,0.14941182732582092
1126.0,0.4759100675582886
1127.0,0.6886417269706726
1128.0,0.34798115491867065
1129.0,0.575359582901001
1130.0,0.07924257218837738
1131.0,0.04365876689553261
1132.0,0.5010761022567749
1133.0,0.3303273916244507
1134.0,0.5362096428871155
1135.0,0.2862829267978668
1136.0,0.12808570265769958
1137.0,0.5915591716766357
1138.0,0.3403725028038025
1139.0,0.02934797666966915
1140.0,0.571044385433197
1141.0,0.23591884970664978
1142.0,0.1909404993057251
1143.0,0.04814108833670616
1144.0,0.14889289438724518
1145.0,0.6037648320198059
1146.0,0.1112508624792099
1147.0,0.5704470872879028
1148.0,0.026887141168117523
1149.0,0.06917185336351395
1150.0,0.27910327911376953
1151.0,0.008868169039487839
1152.0,0.011978822760283947
1153.0,0.007599113509058952
1154.0,0.3303544819355011
1155.0,0.2043004184961319
1156.0,0.6393564939498901
1157.0,0.1197635680437088
1158.0,0.6364752650260925
1159.0,0.12952981889247894
1160.0,0.23877644538879395
1161.0,0.0646495372056961
1162.0,0.12278404831886292
1163.0,0.6395514011383057
1164.0,0.16188614070415497
1165.0,0.5987028479576111
1166.0,0.11044199019670486
1167.0,0.35300061106681824
1168.0,0.5485931634902954
1169.0,0.4494442045688629
1170.0,0.15782247483730316
1171.0,0.02542026899755001
1172.0,0.6002214550971985
1173.0,0.5010537505149841
1174.0,0.5246879458427429
1175.0,0.3137991726398468
1176.0,0.08277925848960876
1177.0,0.06643000990152359
1178.0,0.6706072092056274
1179.0,0.03897181898355484
1180.0,0.6391310691833496
1181.0,0.5385015606880188
1182.0,0.060238879173994064
1183.0,0.06883371621370316
1184.0,0.08243106305599213
1185.0,0.5920122265815735
1186.0,0.6020205020904541
1187.0,0.19402539730072021
1188.0,0.04576049745082855
1189.0,0.5200768113136292
1190.0,0.1338798552751541
1191.0,0.2592937648296356
1192.0,0.6290683150291443
1193.0,0.4373079836368561
1194.0,0.4713190495967865
1195.0,0.049865350127220154
1196.0,0.08102814853191376
1197.0,0.05798100307583809
1198.0,0.32004958391189575
1199.0,0.0181115735322237
1200.0,0.28159523010253906
1201.0,0.05224936455488205
1202.0,0.5394361019134521
1203.0,0.012819385156035423
1204.0,0.19800271093845367
1205.0,0.6279813647270203
1206.0,0.6165197491645813
1207.0,0.13564787805080414
1208.0,0.6300606727600098
1209.0,0.2548055946826935
1210.0,0.6423323154449463
1211.0,0.4689611792564392
1212.0,0.19649876654148102
1213.0,0.2230972945690155
1214.0,0.5650209784507751
1215.0,0.600584864616394
1216.0,0.23485134541988373
1217.0,0.0850529819726944
1218.0,0.25621670484542847
1219.0,0.2619484066963196
1220.0,0.47777560353279114
1221.0,0.5801321864128113
1222.0,0.16985835134983063
1223.0,0.08093123137950897
1224.0,0.2689255177974701
1225.0,0.4503139555454254
1226.0,0.05532023310661316
1227.0,0.12389348447322845
1228.0,0.5879105925559998
1229.0,0.058328427374362946
1230.0,0.06389860063791275
1231.0,0.08259560912847519
1232.0,0.13815779983997345
1233.0,0.044495683163404465
1234.0,0.5574665665626526
1235.0,0.032512079924345016
1236.0,0.6330582499504089
1237.0,0.4561585485935211
1238.0,0.06497762352228165
1239.0,0.5837480425834656
1240.0,0.331156462430954
1241.0,0.20155102014541626
1242.0,0.08583322912454605
1243.0,0.22502484917640686
1244.0,0.6445086598396301
1245.0,0.16801442205905914
1246.0,0.30671003460884094
1247.0,0.6413523554801941
1248.0,0.24611033499240875
1249.0,0.6231690645217896
1250.0,0.033993199467659
1251.0,0.5505223870277405
1252.0,0.5936873555183411
1253.0,0.05638273432850838
1254.0,0.20556072890758514
1255.0,0.4935165047645569
1256.0,0.5837624073028564
1257.0,0.41410771012306213
1258.0,0.5996536612510681
1259.0,0.3950067460536957
1260.0,0.4255062937736511
1261.0,0.37075021862983704
1262.0,0.18263652920722961
1263.0,0.5964426398277283
1264.0,0.4004419147968292
1265.0,0.0946841835975647
1266.0,0.06212913244962692
1267.0,0.15147684514522552
1268.0,0.05102549120783806
1269.0,0.6402488350868225
1270.0,0.48550882935523987
1271.0,0.360646516084671
1272.0,0.519130289554596
1273.0,0.5105644464492798
1274.0,0.3764391541481018
1275.0,0.52978515625
1276.0,0.14572332799434662
1277.0,0.21294064819812775
1278.0,0.10334528982639313
1279.0,0.22665905952453613
1280.0,0.22681835293769836
1281.0,0.03923032432794571
1282.0,0.3780236840248108
1283.0,0.09569799900054932
1284.0,0.06592180579900742
1285.0,0.16982202231884003
1286.0,0.003519770922139287
1287.0,0.6397929787635803
1288.0,0.4482481777667999
1289.0,0.628569483757019
1290.0,0.3925156891345978
1291.0,0.0779535099864006
1292.0,0.5607024431228638
1293.0,0.19106198847293854
1294.0,0.07249156385660172
1295.0,0.03174609690904617
1296.0,0.09338437765836716
1297.0,0.5231247544288635
1298.0,0.10688088834285736
1299.0,0.04643617570400238
1300.0,0.6798328161239624
1301.0,0.577732503414154
1302.0,0.0522896982729435
1303.0,0.403815358877182
1304.0,0.5818490982055664
1305.0,0.5813440680503845
1306.0,0.07105030119419098
1307.0,0.1907338947057724
1308.0,0.5381161570549011
1309.0,0.06644812226295471
1310.0,0.6250626444816589
1311.0,0.026431333273649216
1312.0,0.3222658932209015
1313.0,0.1158478707075119
1314.0,0.07435959577560425
1315.0,0.25914183259010315
1316.0,0.6090604662895203
1317.0,0.5783438682556152
1318.0,0.023430639877915382
1319.0,0.3562241792678833
1320.0,0.6312205195426941
1321.0,0.03763589635491371
1322.0,0.6524224877357483
1323.0,0.01792549341917038
1324.0,0.6108541488647461
1325.0,0.36480429768562317
1326.0,0.6398523449897766
1327.0,0.36591508984565735
1328.0,0.05353927239775658
1329.0,0.16874182224273682
1330.0,0.04032590985298157
1331.0,0.3686538338661194
1332.0,0.05387183278799057
1333.0,0.566840648651123
1334.0,0.6139655709266663
1335.0,0.4940798282623291
1336.0,0.08777852356433868
1337.0,0.40575453639030457
1338.0,0.09481393545866013
1339.0,0.5837048292160034
1340.0,0.564546525478363
1341.0,0.26645398139953613
1342.0,0.02786918357014656
1343.0,0.4247114658355713
1344.0,0.6128203272819519
1345.0,0.37145933508872986
1346.0,0.18870051205158234
1347.0,0.2477705478668213
1348.0,0.47442519664764404
1349.0,0.32595863938331604
1350.0,0.477363646030426
1351.0,0.6049585938453674
1352.0,0.5522611141204834
1353.0,0.5695832371711731
1354.0,0.3040134608745575
1355.0,0.5994517803192139
1356.0,0.07319871336221695
1357.0,0.1196102723479271
1358.0,0.09145987033843994
1359.0,0.5362737774848938
1360.0,0.6148208379745483
1361.0,0.6029360890388489
1362.0,0.466503769159317
1363.0,0.09598779678344727
1364.0,0.6289474368095398
1365.0,0.5563082695007324
1366.0,0.3708718419075012
1367.0,0.05002212151885033
1368.0,0.10925965756177902
1369.0,0.16735237836837769
1370.0,0.01371353305876255
1371.0,0.2364618182182312
1372.0,0.16625382006168365
1373.0,0.16764117777347565
1374.0,0.5073287487030029
1375.0,0.012073403224349022
1376.0,0.032111018896102905
1377.0,0.306566059589386
1378.0,0.5974251627922058
1379.0,0.5855945944786072
1380.0,0.11369440704584122
1381.0,0.5788699984550476
1382.0,0.375773161649704
1383.0,0.2663283050060272
1384.0,0.012609432451426983
1385.0,0.21894092857837677
1386.0,0.41301727294921875
1387.0,0.19975073635578156
1388.0,0.40090471506118774
1389.0,0.6392950415611267
1390.0,0.22761408984661102
1391.0,0.5312100052833557
1392.0,0.03126535192131996
1393.0,0.4548026919364929
1394.0,0.03769509121775627
1395.0,0.262445330619812
1396.0,0.022793803364038467
1397.0,0.48452821373939514
1398.0,0.030745333060622215
1399.0,0.08910099416971207
1400.0,0.5544278621673584
1401.0,0.559411883354187
1402.0,0.1877516657114029
1403.0,0.230814129114151
1404.0,0.5773361921310425
1405.0,0.029762426391243935
1406.0,0.27361026406288147
1407.0,0.5636850595474243
1408.0,0.11679860949516296
1409.0,0.5917088389396667
1410.0,0.5719121098518372
1411.0,0.1109192743897438
1412.0,0.5415729284286499
1413.0,0.656135082244873
1414.0,0.3146132826805115
1415.0,0.10734153538942337
1416.0,0.5816634297370911
1417.0,0.2145693600177765
1418.0,0.1899126172065735
1419.0,0.1671750396490097
1420.0,0.014154556207358837
1421.0,0.42748263478279114
1422.0,0.3877933621406555
1423.0,0.3211430013179779
1424.0,0.12514756619930267
1425.0,0.09086775779724121
1426.0,0.44842857122421265
1427.0,0.6225032806396484
1428.0,0.5637992024421692
1429.0,0.6030234098434448
1430.0,0.6076194643974304
1431.0,0.035663902759552
1432.0,0.5933254957199097
1433.0,0.427267849445343
1434.0,0.1869300752878189
1435.0,0.2372121661901474
1436.0,0.10473372787237167
1437.0,0.01768600195646286
1438.0,0.07166731357574463
1439.0,0.11320947110652924
1440.0,0.05606871470808983
1441.0,0.5755260586738586
1442.0,0.6418995261192322
1443.0,0.282257616519928
1444.0,0.08710052073001862
1445.0,0.08929352462291718
1446.0,0.015119641087949276
1447.0,0.22942036390304565
1448.0,0.5777618288993835
1449.0,0.32972803711891174
1450.0,0.15575867891311646
1451.0,0.6034823060035706
1452.0,0.5852488279342651
1453.0,0.4262875020503998
1454.0,0.5535629987716675
1455.0,0.18430209159851074
1456.0,0.6186526417732239
1457.0,0.13304589688777924
1458.0,0.6314905881881714
1459.0,0.5907068848609924
1460.0,0.17512395977973938
1461.0,0.024636218324303627
1462.0,0.5874621272087097
1463.0,0.6345505118370056
1464.0,0.5218348503112793
1465.0,0.0027837813831865788
1466.0,0.07263334095478058
1467.0,0.5842380523681641
1468.0,0.2258959263563156
1469.0,0.5717254877090454
1470.0,0.15983687341213226
1471.0,0.6363659501075745
1472.0,0.021967856213450432
1473.0,0.5568592548370361
1474.0,0.11426620185375214
1475.0,0.048610713332891464
1476.0,0.6307443380355835
1477.0,0.1369246542453766
1478.0,0.25069868564605713
1479.0,0.20034058392047882
1480.0,0.618219792842865
1481.0,0.16901464760303497
1482.0,0.17131532728672028
1483.0,0.14939960837364197
1484.0,0.10569232702255249
1485.0,0.6689950823783875
1486.0,0.0942605584859848
1487.0,0.15903931856155396
1488.0,0.18175284564495087
1489.0,0.0824948251247406
1490.0,0.07772676646709442
1491.0,0.6463569402694702
1492.0,0.5604881644248962
1493.0,0.3903307616710663
1494.0,0.38566261529922485
1495.0,0.5803003907203674
1496.0,0.04384941607713699
1497.0,0.04692363739013672
1498.0,0.42746424674987793
1499.0,0.26061463356018066
1500.0,0.1281113624572754
1501.0,0.6248926520347595
1502.0,0.10802048444747925
1503.0,0.028329383581876755
1504.0,0.6067178845405579
1505.0,0.11939454078674316
1506.0,0.09482429176568985
1507.0,0.6104588508605957
1508.0,0.17106854915618896
1509.0,0.5675572156906128
1510.0,0.3362538516521454
1511.0,0.03360097110271454
1512.0,0.007267960347235203
1513.0,0.14732274413108826
1514.0,0.24933065474033356
1515.0,0.2987824082374573
1516.0,0.6402508020401001
1517.0,0.10694747418165207
1518.0,0.38446536660194397
1519.0,0.2719537913799286
1520.0,0.23327042162418365
1521.0,0.5569447875022888
1522.0,0.02590787038207054
1523.0,0.37623584270477295
1524.0,0.5490068793296814
1525.0,0.25671982765197754
1526.0,0.18417149782180786
1527.0,0.09079214930534363
1528.0,0.6127625703811646
1529.0,0.3551531434059143
1530.0,0.641964852809906
1531.0,0.20250031352043152
1532.0,0.4580015540122986
1533.0,0.5961671471595764
1534.0,0.49862852692604065
1535.0,0.0679764449596405
1536.0,0.045262180268764496
1537.0,0.18009880185127258
1538.0,0.6148836612701416
1539.0,0.13660013675689697
1540.0,0.2987023591995239
1541.0,0.6417126655578613
1542.0,0.04511997476220131
1543.0,0.028900614008307457
1544.0,0.47731903195381165
1545.0,0.1390906423330307
1546.0,0.10997241735458374
1547.0,0.47974714636802673
1548.0,0.37228357791900635
1549.0,0.1546504646539688
1550.0,0.5904541611671448
1551.0,0.35240107774734497
1552.0,0.19329489767551422
1553.0,0.047374896705150604
1554.0,0.5988374352455139
1555.0,0.12953513860702515
1556.0,0.505448043346405
1557.0,0.42807233333587646
1558.0,0.3183741569519043
1559.0,0.06473759561777115
1560.0,0.04552822187542915
1561.0,0.6533820629119873
1562.0,0.4067302942276001
1563.0,0.07790257781744003
1564.0,0.09561047703027725
1565.0,0.15360936522483826
1566.0,0.07948043197393417
1567.0,0.5161685943603516
1568.0,0.510686993598938
1569.0,0.07651340961456299
1570.0,0.6397872567176819
1571.0,0.025299008935689926
1572.0,0.5695615410804749
1573.0,0.012462645769119263
1574.0,0.044047486037015915
1575.0,0.11659057438373566
1576.0,0.11902441084384918
1577.0,0.5845259428024292
1578.0,0.5814058184623718
1579.0,0.16058653593063354
1580.0,0.0995962843298912
1581.0,0.10135452449321747
1582.0,0.6414170265197754
1583.0,0.25913354754447937
1584.0,0.5912640690803528
1585.0,0.5546130537986755
1586.0,0.11277132481336594
1587.0,0.5430658459663391
1588.0,0.23517607152462006
1589.0,0.08372805267572403
1590.0,0.02256588824093342
1591.0,0.5645465850830078
1592.0,0.018177123740315437
1593.0,0.2977224290370941
1594.0,0.42671069502830505
1595.0,0.6295318603515625
1596.0,0.25209251046180725
1597.0,0.23279769718647003
1598.0,0.16384097933769226
1599.0,0.06942354142665863
1600.0,0.5004432201385498
1601.0,0.3546087145805359
1602.0,0.20189037919044495
1603.0,0.3378879129886627
1604.0,0.5897341370582581
1605.0,0.14367198944091797
1606.0,0.19474932551383972
1607.0,0.5820703506469727
1608.0,0.5201959609985352
1609.0,0.6340135335922241
1610.0,0.0886230394244194
1611.0,0.018243230879306793
1612.0,0.48902571201324463
1613.0,0.36396920680999756
1614.0,0.08237648755311966
1615.0,0.5695729851722717
1616.0,0.22777388989925385
1617.0,0.6037333607673645
1618.0,0.5900588035583496
1619.0,0.029904713854193687
1620.0,0.6160963773727417
1621.0,0.358275443315506
1622.0,0.5209029316902161
1623.0,0.0668383464217186
1624.0,0.19121329486370087
1625.0,0.463203489780426
1626.0,0.16840465366840363
1627.0,0.043184101581573486
1628.0,0.6117479205131531
1629.0,0.248920738697052
1630.0,0.39295461773872375
1631.0,0.22450615465641022
1632.0,0.2528894245624542
1633.0,0.2133498340845108
1634.0,0.6057490706443787
1635.0,0.16779857873916626
1636.0,0.24569693207740784
1637.0,0.5817673206329346
1638.0,0.6197056174278259
1639.0,0.5600972771644592
1640.0,0.06213168054819107
1641.0,0.1285286694765091
1642.0,0.48141154646873474
1643.0,0.604858934879303
1644.0,0.40859678387641907
1645.0,0.6128856539726257
1646.0,0.057355642318725586
1647.0,0.4894273281097412
1648.0,0.40244200825691223
1649.0,0.3080284595489502
1650.0,0.21136417984962463
1651.0,0.5972134470939636
1652.0,0.33095964789390564
1653.0,0.028776271268725395
1654.0,0.6142573356628418
1655.0,0.6266523599624634
1656.0,0.28524187207221985
1657.0,0.3869575560092926
1658.0,0.47700944542884827
1659.0,0.4413902759552002
1660.0,0.21222122013568878
1661.0,0.1536829173564911
1662.0,0.2068338394165039
1663.0,0.0936027467250824
1664.0,0.14172744750976562
1665.0,0.015280875377357006
1666.0,0.09889211505651474
1667.0,0.563389241695404
1668.0,0.48317188024520874
1669.0,0.576122522354126
1670.0,0.29879727959632874
1671.0,0.14933408796787262
1672.0,0.04254657402634621
1673.0,0.16090281307697296
1674.0,0.12828440964221954
1675.0,0.09415431320667267
1676.0,0.6306302547454834
1677.0,0.545295238494873
1678.0,0.046281419694423676
1679.0,0.13647815585136414
1680.0,0.03764113783836365
1681.0,0.25975772738456726
1682.0,0.6226276159286499
1683.0,0.13590741157531738
1684.0,0.03459632769227028
1685.0,0.59861159324646
1686.0,0.016095774248242378
1687.0,0.4584505558013916
1688.0,0.6045133471488953
1689.0,0.6622582674026489
1690.0,0.5434600710868835
1691.0,0.4918052554130554
1692.0,0.49364522099494934
1693.0,0.41966545581817627
1694.0,0.020016882568597794
1695.0,0.07271876186132431
1696.0,0.5250425934791565
1697.0,0.09223737567663193
1698.0,0.44777557253837585
1699.0,0.02253997139632702
1700.0,0.36355865001678467
1701.0,0.3971787691116333
1702.0,0.6354766488075256
1703.0,0.3731273114681244
1704.0,0.4998653829097748
1705.0,0.07828756421804428
1706.0,0.36918410658836365
1707.0,0.36072349548339844
1708.0,0.03713684529066086
1709.0,0.4130660891532898
1710.0,0.15074744820594788
1711.0,0.575891375541687
1712.0,0.5575770735740662
1713.0,0.22116966545581818
1714.0,0.5542254447937012
1715.0,0.5440813899040222
1716.0,0.13573604822158813
1717.0,0.08361269533634186
1718.0,0.045011967420578
1719.0,0.6183258295059204
1720.0,0.24315716326236725
1721.0,0.07187420129776001
1722.0,0.5637017488479614
1723.0,0.15797752141952515
1724.0,0.011183618567883968
1725.0,0.07971718162298203
1726.0,0.09931469708681107
1727.0,0.07759765535593033
1728.0,0.014136867597699165
1729.0,0.3142440915107727
1730.0,0.6151779294013977
1731.0,0.05950630083680153
1732.0,0.3567701280117035
1733.0,0.13245323300361633
1734.0,0.023966586217284203
1735.0,0.20612160861492157
1736.0,0.5602908730506897
1737.0,0.3302161395549774
1738.0,0.2498234212398529
1739.0,0.5607854723930359
1740.0,0.11735328286886215
1741.0,0.19134312868118286
1742.0,0.6061685085296631
1743.0,0.5817219614982605
1744.0,0.2201997935771942
1745.0,0.6360315680503845
1746.0,0.638881266117096
1747.0,0.6304783225059509
1748.0,0.3247154653072357
1749.0,0.2626311182975769
1750.0,0.5311833620071411
1751.0,0.5728457570075989
1752.0,0.10615164041519165
1753.0,0.01675730012357235
1754.0,0.0844058245420456
1755.0,0.6987673044204712
1756.0,0.5929220914840698
1757.0,0.14825429022312164
1758.0,0.5900372266769409
1759.0,0.07779399305582047
1760.0,0.06607973575592041
1761.0,0.20541462302207947
1762.0,0.01718209497630596
1763.0,0.33695241808891296
1764.0,0.3352702558040619
1765.0,0.15358565747737885
1766.0,0.01847638562321663
1767.0,0.4066031575202942
1768.0,0.3297218382358551
1769.0,0.19807583093643188
1770.0,0.4183759391307831
1771.0,0.045691926032304764
1772.0,0.33906665444374084
1773.0,0.12581750750541687
1774.0,0.6401863694190979
1775.0,0.6318784356117249
1776.0,0.44783180952072144
1777.0,0.050300899893045425
1778.0,0.19638027250766754
1779.0,0.05449843406677246
1780.0,0.5791815519332886
1781.0,0.15590709447860718
1782.0,0.55948805809021
1783.0,0.27879828214645386
1784.0,0.07180643826723099
1785.0,0.553511381149292
1786.0,0.03261478245258331
1787.0,0.06266716867685318
1788.0,0.6237637400627136
1789.0,0.39587318897247314
1790.0,0.43430158495903015
1791.0,0.5727368593215942
1792.0,0.399228036403656
1793.0,0.27693626284599304
1794.0,0.054884444922208786
1795.0,0.20126429200172424
1796.0,0.3491598665714264
1797.0,0.3968786299228668
1798.0,0.36181411147117615
1799.0,0.4654625952243805
1800.0,0.5661451816558838
1801.0,0.5701237320899963
1802.0,0.06328371167182922
1803.0,0.11066918075084686
1804.0,0.3279164731502533
1805.0,0.18370671570301056
1806.0,0.20529961585998535
1807.0,0.490566223859787
1808.0,0.6181680560112
1809.0,0.03219078853726387
1810.0,0.6638796925544739
1811.0,0.11330956220626831
1812.0,0.5967012047767639
1813.0,0.11424410343170166
1814.0,0.04594721645116806
1815.0,0.11827609688043594
1816.0,0.42056211829185486
1817.0,0.17246118187904358
1818.0,0.234418585896492
1819.0,0.0595976859331131
1820.0,0.5663917064666748
1821.0,0.4238358736038208
1822.0,0.4739528000354767
1823.0,0.5376843214035034
1824.0,0.14424781501293182
1825.0,0.12528149783611298
1826.0,0.05087735503911972
1827.0,0.18610335886478424
1828.0,0.319223552942276
1829.0,0.6041297316551208
1830.0,0.13735677301883698
1831.0,0.09386908262968063
1832.0,0.19978570938110352
1833.0,0.5774116516113281
1834.0,0.49497541785240173
1835.0,0.5953928828239441
1836.0,0.026270108297467232
1837.0,0.15899565815925598
1838.0,0.06268671154975891
1839.0,0.19676844775676727
1840.0,0.18400341272354126
1841.0,0.6282522678375244
1842.0,0.5207965970039368
1843.0,0.17111951112747192
1844.0,0.032730210572481155
1845.0,0.008737794123589993
1846.0,0.6389557719230652
1847.0,0.6129953861236572
1848.0,0.12095441669225693
1849.0,0.5721896886825562
1850.0,0.5989384651184082
1851.0,0.11648590862751007
1852.0,0.5650796890258789
1853.0,0.5464857816696167
1854.0,0.03141593560576439
1855.0,0.6459299325942993
1856.0,0.15765295922756195
1857.0,0.6719395518302917
1858.0,0.6584245562553406
1859.0,0.5883903503417969
1860.0,0.04055410251021385
1861.0,0.07135996967554092
1862.0,0.48891106247901917
1863.0,0.056911397725343704
1864.0,0.0774514451622963
1865.0,0.13516859710216522
1866.0,0.08942147344350815
1867.0,0.012286433018743992
1868.0,0.5088990926742554
1869.0,0.25645536184310913
1870.0,0.10467071831226349
1871.0,0.07998546957969666
1872.0,0.261720210313797
1873.0,0.15973317623138428
1874.0,0.541117787361145
1875.0,0.06248493865132332
1876.0,0.6355752348899841
1877.0,0.2242041677236557
1878.0,0.01563090644776821
1879.0,0.20744633674621582
1880.0,0.6370676755905151
1881.0,0.14116045832633972
1882.0,0.2532910108566284
1883.0,0.19269227981567383
1884.0,0.21971292793750763
1885.0,0.4413929581642151
1886.0,0.27266818284988403
1887.0,0.6583803296089172
1888.0,0.5751569867134094
1889.0,0.5566731095314026
1890.0,0.6462428569793701
1891.0,0.1273474395275116
1892.0,0.5957552194595337
1893.0,0.3235483467578888
1894.0,0.18037010729312897
1895.0,0.4252183735370636
1896.0,0.19290752708911896
1897.0,0.015947069972753525
1898.0,0.14323964715003967
1899.0,0.3333394527435303
1900.0,0.6078760623931885
1901.0,0.31317949295043945
1902.0,0.6071764230728149
1903.0,0.003063243580982089
1904.0,0.1799291968345642
1905.0,0.053384505212306976
1906.0,0.17598536610603333
1907.0,0.6169512867927551
1908.0,0.05369678884744644
1909.0,0.26024532318115234
1910.0,0.6116614937782288
1911.0,0.030287442728877068
1912.0,0.04899787902832031
1913.0,0.5903305411338806
1914.0,0.39163944125175476
1915.0,0.499884694814682
1916.0,0.5898120403289795
1917.0,0.46569278836250305
1918.0,0.14022232592105865
1919.0,0.5948699712753296
1920.0,0.16763165593147278
1921.0,0.09503738582134247
1922.0,0.02877030521631241
1923.0,0.4946155250072479
1924.0,0.235498309135437
1925.0,0.21530698239803314
1926.0,0.5837266445159912
1927.0,0.5842474699020386
1928.0,0.6015649437904358
1929.0,0.3129194974899292
1930.0,0.10151933878660202
1931.0,0.4931848645210266
1932.0,0.5905382633209229
1933.0,0.51577228307724
1934.0,0.16142180562019348
1935.0,0.3192276656627655
1936.0,0.3724285662174225
1937.0,0.2679665684700012
1938.0,0.45782628655433655
1939.0,0.09284523129463196
1940.0,0.5244569182395935
1941.0,0.34244149923324585
1942.0,0.16343596577644348
1943.0,0.39899128675460815
1944.0,0.07119762897491455
1945.0,0.2901517152786255
1946.0,0.03239665925502777
1947.0,0.17885054647922516
1948.0,0.17926108837127686
1949.0,0.6223625540733337
1950.0,0.6219878196716309
1951.0,0.28800779581069946
1952.0,0.20568232238292694
1953.0,0.3353222608566284
1954.0,0.39267614483833313
1955.0,0.24191682040691376
1956.0,0.6016887426376343
1957.0,0.027761835604906082
1958.0,0.6408079266548157
1959.0,0.5935752987861633
1960.0,0.6263922452926636
1961.0,0.4035224914550781
1962.0,0.07416824996471405
1963.0,0.2147592008113861
1964.0,0.5949703454971313
1965.0,0.5421586036682129
1966.0,0.2248765528202057
1967.0,0.07115471363067627
1968.0,0.049655213952064514
1969.0,0.6394200325012207
1970.0,0.03207480534911156
1971.0,0.5313090682029724
1972.0,0.6720619201660156
1973.0,0.19325780868530273
1974.0,0.38923734426498413
1975.0,0.12263577431440353
1976.0,0.6037175059318542
1977.0,0.08059217780828476
1978.0,0.4250583350658417
1979.0,0.6389523148536682
1980.0,0.2109060436487198
1981.0,0.4779592752456665
1982.0,0.07840506732463837
1983.0,0.025825228542089462
1984.0,0.24459880590438843
1985.0,0.1768345832824707
1986.0,0.44831612706184387
1987.0,0.04499955475330353
1988.0,0.5504999160766602
1989.0,0.14759130775928497
1990.0,0.3972637951374054
1991.0,0.5538678169250488
1992.0,0.33154070377349854
1993.0,0.5394046902656555
1994.0,0.17679394781589508
1995.0,0.029823170974850655
1996.0,0.018967045471072197
1997.0,0.38178616762161255
1998.0,0.2984919846057892
1999.0,0.06229228526353836
2000.0,0.03419811278581619
2001.0,0.2695573568344116
2002.0,0.09057281166315079
2003.0,0.040590688586235046
2004.0,0.590114951133728
2005.0,0.16167114675045013
2006.0,0.31040093302726746
2007.0,0.6444910764694214
2008.0,0.08230053633451462
2009.0,0.2781980633735657
2010.0,0.5838969945907593
2011.0,0.43168988823890686
2012.0,0.5442545413970947
2013.0,0.5384026169776917
2014.0,0.23416419327259064
2015.0,0.10110148787498474
2016.0,0.09896069765090942
2017.0,0.029777586460113525
2018.0,0.6200379729270935
2019.0,0.6043298840522766
2020.0,0.09545747190713882
2021.0,0.6417145133018494
2022.0,0.007370617240667343
2023.0,0.10077635943889618
2024.0,0.1928771734237671
2025.0,0.038702476769685745
2026.0,0.4240575432777405
2027.0,0.4192946255207062
2028.0,0.34466448426246643
2029.0,0.030931338667869568
2030.0,0.2696740925312042
2031.0,0.28566667437553406
2032.0,0.6324433088302612
2033.0,0.1961790919303894
2034.0,0.3458121418952942
2035.0,0.3398071229457855
2036.0,0.08825081586837769
2037.0,0.3923885226249695
2038.0,0.6375744342803955
2039.0,0.6146451234817505
2040.0,0.3645215332508087
2041.0,0.6495344638824463
2042.0,0.4568345546722412
2043.0,0.0010934481397271156
2044.0,0.5757627487182617
2045.0,0.29188480973243713
2046.0,0.5914069414138794
2047.0,0.6242586970329285
2048.0,0.08624905347824097
2049.0,0.5272523760795593
2050.0,0.18364372849464417
2051.0,0.3918980360031128
2052.0,0.6028909683227539
2053.0,0.5605711340904236
2054.0,0.3956506550312042
2055.0,0.6808854937553406
2056.0,0.5635128021240234
2057.0,0.07040703296661377
2058.0,0.5677124857902527
2059.0,0.14596624672412872
2060.0,0.39459261298179626
2061.0,0.2534341812133789
2062.0,0.39868080615997314
2063.0,0.6359847187995911
2064.0,0.14388415217399597
2065.0,0.02716953493654728
2066.0,0.20399725437164307
2067.0,0.04888264834880829
2068.0,0.41072145104408264
2069.0,0.029179219156503677
2070.0,0.6760730147361755
2071.0,0.10649120807647705
2072.0,0.12741844356060028
2073.0,0.06706475466489792
2074.0,0.18667906522750854
2075.0,0.5368045568466187
2076.0,0.3817265033721924
2077.0,0.061979990452528
2078.0,0.6162558794021606
2079.0,0.38574427366256714
2080.0,0.09462852776050568
2081.0,0.6249474883079529
2082.0,0.056104082614183426
2083.0,0.3229525685310364
2084.0,0.07530062645673752
2085.0,0.18675129115581512
2086.0,0.084722138941288
2087.0,0.5901029109954834
2088.0,0.3525371253490448
2089.0,0.1636212021112442
2090.0,0.5057103037834167
2091.0,0.5884868502616882
2092.0,0.26280584931373596
2093.0,0.2692716419696808
2094.0,0.6121119856834412
2095.0,0.45145633816719055
2096.0,0.07564673572778702
2097.0,0.6400559544563293
2098.0,0.36836519837379456
2099.0,0.027017708867788315
2100.0,0.12224559485912323
2101.0,0.18956732749938965
2102.0,0.34470510482788086
2103.0,0.11059052497148514
2104.0,0.09120099246501923
2105.0,0.5340534448623657
2106.0,0.5512520670890808
2107.0,0.27658358216285706
2108.0,0.2265024334192276
2109.0,0.59107905626297
2110.0,0.5793468952178955
2111.0,0.15542063117027283
2112.0,0.6019325256347656
2113.0,0.13880866765975952
2114.0,0.029529159888625145
2115.0,0.2384529560804367
2116.0,0.11792340874671936
2117.0,0.048367150127887726
2118.0,0.549265444278717
2119.0,0.3026312589645386
2120.0,0.2559729814529419
2121.0,0.028296153992414474
2122.0,0.05883277207612991
2123.0,0.6619536280632019
2124.0,0.5365294814109802
2125.0,0.43285951018333435
2126.0,0.1931072622537613
2127.0,0.02474193088710308
2128.0,0.6102279424667358
2129.0,0.11913798004388809
2130.0,0.05854374170303345
2131.0,0.25497201085090637
2132.0,0.5473137497901917
2133.0,0.02711578831076622
2134.0,0.07834417372941971
2135.0,0.3307168781757355
2136.0,0.13648098707199097
2137.0,0.026014698669314384
2138.0,0.1861182302236557
2139.0,0.25849995017051697
2140.0,0.5025402903556824
2141.0,0.5786076188087463
2142.0,0.04971625655889511
2143.0,0.08714622259140015
2144.0,0.3669876456260681
2145.0,0.4766453206539154
2146.0,0.010263868607580662
2147.0,0.04810691252350807
2148.0,0.5659875869750977
2149.0,0.5902637243270874
2150.0,0.22742244601249695
2151.0,0.5442869663238525
2152.0,0.0439310148358345
2153.0,0.3965838849544525
2154.0,0.038197971880435944
2155.0,0.5251321792602539
2156.0,0.014207571744918823
2157.0,0.14632727205753326
2158.0,0.5867344737052917
2159.0,0.42694365978240967
2160.0,0.020383000373840332
2161.0,0.15192389488220215
2162.0,0.17657722532749176
2163.0,0.4496922492980957
2164.0,0.6473899483680725
2165.0,0.12493205815553665
2166.0,0.06700658798217773
2167.0,0.18098489940166473
2168.0,0.14305002987384796
2169.0,0.5949234366416931
2170.0,0.2369043380022049
2171.0,0.2237219214439392
2172.0,0.5623864531517029
2173.0,0.17303262650966644
2174.0,0.37432897090911865
2175.0,0.3731912672519684
2176.0,0.23611843585968018
2177.0,0.3585752248764038
2178.0,0.27440330386161804
2179.0,0.6484806537628174
2180.0,0.21866826713085175
2181.0,0.17034806311130524
2182.0,0.23645268380641937
2183.0,0.6143036484718323
2184.0,0.6366653442382812
2185.0,0.4687681496143341
2186.0,0.583054780960083
2187.0,0.46295955777168274
2188.0,0.046027474105358124
2189.0,0.5535730123519897
2190.0,0.4095323979854584
2191.0,0.4860193133354187
2192.0,0.1170433834195137
2193.0,0.2969799041748047
2194.0,0.3658561110496521
2195.0,0.11512109637260437
2196.0,0.32166633009910583
2197.0,0.3595072329044342
2198.0,0.01240350678563118
2199.0,0.4258871078491211
2200.0,0.3945426642894745
2201.0,0.04960760846734047
2202.0,0.33542945981025696
2203.0,0.6209443807601929
2204.0,0.040120579302310944
2205.0,0.11123677343130112
2206.0,0.253906786441803
2207.0,0.40198320150375366
2208.0,0.5471998453140259
2209.0,0.5136249661445618
2210.0,0.36591312289237976
2211.0,0.10677080601453781
2212.0,0.5956103801727295
2213.0,0.5760343670845032
2214.0,0.028543921187520027
2215.0,0.047575369477272034
2216.0,0.021943919360637665
2217.0,0.3637285828590393
2218.0,0.030529603362083435
2219.0,0.19102923572063446
2220.0,0.22658611834049225
2221.0,0.06071217358112335
2222.0,0.6814456582069397
2223.0,0.3260958790779114
2224.0,0.05358968675136566
2225.0,0.34325510263442993
2226.0,0.16361728310585022
2227.0,0.06434345990419388
2228.0,0.0309224221855402
2229.0,0.4614381492137909
2230.0,0.12439583241939545
2231.0,0.6333873271942139
2232.0,0.5866786241531372
2233.0,0.49452826380729675
2234.0,0.23652631044387817
2235.0,0.1803426742553711
2236.0,0.33520641922950745
2237.0,0.07144788652658463
2238.0,0.5950735807418823
2239.0,0.5897157192230225
2240.0,0.5884603261947632
2241.0,0.06545837223529816
2242.0,0.49647143483161926
2243.0,0.3084530234336853
2244.0,0.5665575861930847
2245.0,0.21328511834144592
2246.0,0.31024715304374695
2247.0,0.4165076017379761
2248.0,0.24412187933921814
2249.0,0.5826944708824158
2250.0,0.06725621968507767
2251.0,0.26603400707244873
2252.0,0.031985074281692505
2253.0,0.22664660215377808
2254.0,0.6404337286949158
2255.0,0.04272231459617615
2256.0,0.3066296875476837
2257.0,0.5700607895851135
2258.0,0.16566449403762817
2259.0,0.20242975652217865
2260.0,0.4720061719417572
2261.0,0.5662901401519775
2262.0,0.03320321813225746
2263.0,0.2679159939289093
2264.0,0.10293588787317276
2265.0,0.6001583933830261
2266.0,0.05009840428829193
2267.0,0.26578623056411743
2268.0,0.5391333103179932
2269.0,0.4281288683414459
2270.0,0.19006872177124023
2271.0,0.6378386616706848
2272.0,0.5758655667304993
2273.0,0.19519579410552979
2274.0,0.07622640579938889
2275.0,0.10132019966840744
2276.0,0.4359228312969208
2277.0,0.5506248474121094
2278.0,0.5787778496742249
2279.0,0.3083907663822174
2280.0,0.07570229470729828
2281.0,0.3216150403022766
2282.0,0.06298597157001495
2283.0,0.04063885658979416
2284.0,0.5405730605125427
2285.0,0.5764036178588867
2286.0,0.3744644820690155
2287.0,0.1727972775697708
2288.0,0.6595655679702759
2289.0,0.5920827388763428
2290.0,0.1111152321100235
2291.0,0.1314539611339569
2292.0,0.586263120174408
2293.0,0.19675394892692566
2294.0,0.270368754863739
2295.0,0.10858356952667236
2296.0,0.45657914876937866
2297.0,0.10041844844818115
2298.0,0.11793559789657593
2299.0,0.1612217277288437
2300.0,0.5355955958366394
2301.0,0.6311659812927246
2302.0,0.12220211327075958
2303.0,0.2453325241804123
2304.0,0.09389560669660568
2305.0,0.420251727104187
2306.0,0.1345408856868744
2307.0,0.09117937088012695
2308.0,0.05777883157134056
2309.0,0.3699297308921814
2310.0,0.6000765562057495
2311.0,0.5296346545219421
2312.0,0.5002651214599609
2313.0,0.17302431166172028
2314.0,0.16626586019992828
2315.0,0.23897741734981537
2316.0,0.017526011914014816
2317.0,0.42298623919487
2318.0,0.19813108444213867
2319.0,0.0584745928645134
2320.0,0.1965509057044983
2321.0,0.6399611830711365
2322.0,0.5399095416069031
2323.0,0.10578575730323792
2324.0,0.2660667598247528
2325.0,0.4667293131351471
2326.0,0.27774107456207275
2327.0,0.5942991971969604
2328.0,0.03974423184990883
2329.0,0.3369378447532654
2330.0,0.08572514355182648
2331.0,0.08885448426008224
2332.0,0.2138083428144455
2333.0,0.08489229530096054
2334.0,0.07348965108394623
2335.0,0.28625568747520447
2336.0,0.6861118674278259
2337.0,0.22324585914611816
2338.0,0.04300299659371376
2339.0,0.563214123249054
2340.0,0.06344642490148544
2341.0,0.037890851497650146
2342.0,0.0005385255790315568
2343.0,0.3605399429798126
2344.0,0.060717616230249405
2345.0,0.02922571823000908
2346.0,0.575202226638794
2347.0,0.4462224841117859
2348.0,0.5763918161392212
2349.0,0.05616641044616699
2350.0,0.4769498407840729
2351.0,0.20981182157993317
2352.0,0.06855843961238861
2353.0,0.19463539123535156
2354.0,0.6335952877998352
2355.0,0.6414740681648254
2356.0,0.4301079213619232
2357.0,0.5633992552757263
2358.0,0.6399660110473633
2359.0,0.36375951766967773
2360.0,0.3094386160373688
2361.0,0.18806496262550354
2362.0,0.14767074584960938
2363.0,0.23645205795764923
2364.0,0.19849510490894318
2365.0,0.6081430315971375
2366.0,0.30041661858558655
2367.0,0.25783976912498474
2368.0,0.06937071681022644
2369.0,0.5030673146247864
2370.0,0.008681544102728367
2371.0,0.08419965207576752
2372.0,0.029960505664348602
2373.0,0.6232922673225403
2374.0,0.26043379306793213
2375.0,0.5561922788619995
2376.0,0.06786392629146576
2377.0,0.6102209687232971
2378.0,0.18595169484615326
2379.0,0.5827263593673706
2380.0,0.029270872473716736
2381.0,0.5739163756370544
2382.0,0.44622424244880676
2383.0,0.5868293642997742
2384.0,0.31520652770996094
2385.0,0.6078646183013916
2386.0,0.03890747204422951
2387.0,0.0964018851518631
2388.0,0.4615396559238434
2389.0,0.15391144156455994
2390.0,0.18483731150627136
2391.0,0.33484750986099243
2392.0,0.5904245376586914
2393.0,0.5658331513404846
2394.0,0.024695387110114098
2395.0,0.10486102104187012
2396.0,0.08952886611223221
2397.0,0.5667110681533813
2398.0,0.2284897416830063
2399.0,0.05661185458302498
2400.0,0.2665187120437622
2401.0,0.19974812865257263
2402.0,0.013802794739603996
2403.0,0.4049311876296997
2404.0,0.6302011013031006
2405.0,0.4240493178367615
2406.0,0.5786640048027039
2407.0,0.3015874922275543
2408.0,0.13771484792232513
2409.0,0.5462076663970947
2410.0,0.6321494579315186
2411.0,0.638943612575531
2412.0,0.27503255009651184
2413.0,0.5982182621955872
2414.0,0.2282397598028183
2415.0,0.6378306150436401
2416.0,0.6551699042320251
2417.0,0.40306374430656433
2418.0,0.18349774181842804
2419.0,0.29328852891921997
2420.0,0.5887596011161804
2421.0,0.3022382855415344
2422.0,0.21151305735111237
2423.0,0.5935142636299133
2424.0,0.10519374907016754
2425.0,0.47595223784446716
2426.0,0.4474102258682251
2427.0,0.16646099090576172
2428.0,0.3285924792289734
2429.0,0.5849716663360596
2430.0,0.04710802808403969
2431.0,0.6427563428878784
2432.0,0.38660407066345215
2433.0,0.4858126640319824
2434.0,0.5727739334106445
2435.0,0.17789891362190247
2436.0,0.6097507476806641
2437.0,0.17756003141403198
2438.0,0.10840213298797607
2439.0,0.1289806216955185
2440.0,0.6598947048187256
2441.0,0.1149347573518753
2442.0,0.00930040329694748
2443.0,0.5530269742012024
2444.0,0.02842382900416851
2445.0,0.1169315055012703
2446.0,0.6093955039978027
2447.0,0.6412822604179382
2448.0,0.08796493709087372
2449.0,0.15826784074306488
2450.0,0.37602338194847107
2451.0,0.11475308239459991
2452.0,0.03098866157233715
2453.0,0.5859020352363586
2454.0,0.19253204762935638
2455.0,0.1366015523672104
2456.0,0.09265521913766861
2457.0,0.1342584490776062
2458.0,0.2712530195713043
2459.0,0.4050676226615906
2460.0,0.33225375413894653
2461.0,0.6300287842750549
2462.0,0.23008756339550018
2463.0,0.6352164149284363
2464.0,0.3088016211986542
2465.0,0.030892470851540565
2466.0,0.10930284857749939
2467.0,0.09893693774938583
2468.0,0.12121459096670151
2469.0,0.5948851108551025
2470.0,0.37720608711242676
2471.0,0.02638324722647667
2472.0,0.3934842050075531
2473.0,0.14587634801864624
2474.0,0.13895997405052185
2475.0,0.6270357966423035
2476.0,0.1546069085597992
2477.0,0.10930874198675156
2478.0,0.14305157959461212
2479.0,0.6412249207496643
2480.0,0.09535234421491623
2481.0,0.05406714975833893
2482.0,0.5101173520088196
2483.0,0.06118244677782059
2484.0,0.12125778943300247
2485.0,0.5397748947143555
2486.0,0.11500418931245804
2487.0,0.617221474647522
2488.0,0.5863450169563293
2489.0,0.1389482170343399
2490.0,0.5667927265167236
2491.0,0.09336381405591965
2492.0,0.04763805866241455
2493.0,0.05863320082426071
2494.0,0.3470619320869446
2495.0,0.17999137938022614
2496.0,0.04784126207232475
2497.0,0.09109260886907578
2498.0,0.6715749502182007
2499.0,0.27322807908058167
2500.0,0.0679815262556076
2501.0,0.6046732664108276
2502.0,0.31857407093048096
2503.0,0.4337732493877411
2504.0,0.5558136105537415
2505.0,0.33208775520324707
2506.0,0.6102529764175415
2507.0,0.04267266392707825
2508.0,0.119679294526577
2509.0,0.1408454030752182
2510.0,0.6037476658821106
2511.0,0.5449706315994263
2512.0,0.11241010576486588
2513.0,0.44169798493385315
2514.0,0.16502384841442108
2515.0,0.48417574167251587
2516.0,0.12897050380706787
2517.0,0.5056801438331604
2518.0,0.10739900171756744
2519.0,0.3560141623020172
2520.0,0.6203565001487732
2521.0,0.3416857421398163
2522.0,0.2438993752002716
2523.0,0.08278689533472061
2524.0,0.016001209616661072
2525.0,0.5541485548019409
2526.0,0.2867600619792938
2527.0,0.11685748398303986
2528.0,0.20396175980567932
2529.0,0.023139936849474907
2530.0,0.08719241619110107
2531.0,0.5308892726898193
2532.0,0.04131612181663513
2533.0,0.40959110856056213
2534.0,0.3609219789505005
2535.0,0.4220217764377594
2536.0,0.6200970411300659
2537.0,0.27538859844207764
2538.0,0.5917393565177917
2539.0,0.22882476449012756
2540.0,0.5630845427513123
2541.0,0.6393933296203613
2542.0,0.19223307073116302
2543.0,0.5220707058906555
2544.0,0.4811848998069763
2545.0,0.3228309452533722
2546.0,0.0822126641869545
2547.0,0.6168720722198486
2548.0,0.19089852273464203
2549.0,0.19762474298477173
2550.0,0.12841789424419403
2551.0,0.11016801744699478
2552.0,0.5703198909759521
2553.0,0.6193782687187195
2554.0,0.13407979905605316
2555.0,0.6475094556808472
2556.0,0.16622883081436157
2557.0,0.6458590030670166
2558.0,0.2128320038318634
2559.0,0.21380499005317688
2560.0,0.10758285969495773
2561.0,0.6323808431625366
2562.0,0.6365146636962891
2563.0,0.6036711931228638
2564.0,0.6242186427116394
2565.0,0.5145342946052551
2566.0,0.6417582631111145
2567.0,0.6275778412818909
2568.0,0.08325772732496262
2569.0,0.6133723855018616
2570.0,0.1542413830757141
2571.0,0.20772618055343628
2572.0,0.06693018227815628
2573.0,0.16270825266838074
2574.0,0.07947976887226105
2575.0,0.21306544542312622
2576.0,0.17666950821876526
2577.0,0.5302594304084778
2578.0,0.18221145868301392
2579.0,0.5473049283027649
2580.0,0.4975211024284363
2581.0,0.16003569960594177
2582.0,0.606902539730072
2583.0,0.6076443195343018
2584.0,0.10936226695775986
2585.0,0.6317033767700195
2586.0,0.5600379705429077
2587.0,0.27728623151779175
2588.0,0.34717580676078796
2589.0,0.5530595183372498
2590.0,0.08645423501729965
2591.0,0.11985909193754196
2592.0,0.6230773329734802
2593.0,0.09891843795776367
2594.0,0.04715803265571594
2595.0,0.03749499469995499
2596.0,0.5862190127372742
2597.0,0.06971205025911331
2598.0,0.10348758101463318
2599.0,0.5337562561035156
2600.0,0.14997076988220215
2601.0,0.2790982723236084
2602.0,0.047322966158390045
2603.0,0.5904284715652466
2604.0,0.03210156038403511
2605.0,0.23321880400180817
2606.0,0.07785812020301819
2607.0,0.4962586760520935
2608.0,0.07530739158391953
2609.0,0.043182533234357834
2610.0,0.593930184841156
2611.0,0.15523043274879456
2612.0,0.311989963054657
2613.0,0.4368113875389099
2614.0,0.07123009115457535
2615.0,0.1768055409193039
2616.0,0.03721573203802109
2617.0,0.21059317886829376
2618.0,0.6019319295883179
2619.0,0.4837428629398346
2620.0,0.5670952796936035
2621.0,0.607853889465332
2622.0,0.0447840541601181
2623.0,0.24571655690670013
2624.0,0.19954140484333038
2625.0,0.3054666519165039
2626.0,0.04656330496072769
2627.0,0.030259568244218826
2628.0,0.08649619668722153
2629.0,0.4972962439060211
2630.0,0.11199674010276794
2631.0,0.5419396758079529
2632.0,0.36041775345802307
2633.0,0.6200788021087646
2634.0,0.5917944312095642
2635.0,0.6111432313919067
2636.0,0.6293286085128784
2637.0,0.23087938129901886
2638.0,0.0467260517179966
2639.0,0.45705556869506836
2640.0,0.09714210033416748
2641.0,0.6195268630981445
2642.0,0.019890988245606422
2643.0,0.11487650871276855
2644.0,0.6148706078529358
2645.0,0.042731307446956635
2646.0,0.05858854949474335
2647.0,0.5215926170349121
2648.0,0.015993958339095116
2649.0,0.572407066822052
2650.0,0.3146577775478363
2651.0,0.5468479990959167
2652.0,0.34053677320480347
2653.0,0.24628295004367828
2654.0,0.11353243142366409
2655.0,0.23750507831573486
2656.0,0.008773230947554111
2657.0,0.6284428238868713
2658.0,0.1046888530254364
2659.0,0.551628589630127
2660.0,0.09590603411197662
2661.0,0.04577408730983734
2662.0,0.21604454517364502
2663.0,0.22827771306037903
2664.0,0.3508296012878418
2665.0,0.09689457714557648
2666.0,0.02536025457084179
2667.0,0.42598897218704224
2668.0,0.09328287094831467
2669.0,0.1084575355052948
2670.0,0.586372435092926
2671.0,0.6317465901374817
2672.0,0.5583112835884094
2673.0,0.36831942200660706
2674.0,0.5400794148445129
2675.0,0.586381733417511
2676.0,0.6380085349082947
2677.0,0.5863713622093201
2678.0,0.2880766689777374
2679.0,0.15288838744163513
2680.0,0.44366517663002014
2681.0,0.39723294973373413
2682.0,0.5826758146286011
2683.0,0.4709552526473999
2684.0,0.1992885172367096
2685.0,0.4548846483230591
2686.0,0.04055295139551163
2687.0,0.2506956160068512
2688.0,0.5470675230026245
2689.0,0.5214599967002869
2690.0,0.6345349550247192
2691.0,0.026775827631354332
2692.0,0.08360636234283447
2693.0,0.3882685899734497
2694.0,0.10359681397676468
2695.0,0.5748264193534851
2696.0,0.5765720009803772
2697.0,0.6341400742530823
2698.0,0.1358424425125122
2699.0,0.6427178382873535
2700.0,0.3892574906349182
2701.0,0.2679503560066223
2702.0,0.4590015113353729
2703.0,0.13703231513500214
2704.0,0.6414926052093506
2705.0,0.14712950587272644
2706.0,0.20041684806346893
2707.0,0.021339302882552147
2708.0,0.6039695739746094
2709.0,0.6233760118484497
2710.0,0.6283520460128784
2711.0,0.5853022933006287
2712.0,0.09975982457399368
2713.0,0.17841750383377075
2714.0,0.6347691416740417
2715.0,0.10449253767728806
2716.0,0.08870281279087067
2717.0,0.18553709983825684
2718.0,0.6295996308326721
2719.0,0.6336513757705688
2720.0,0.622829020023346
2721.0,0.4886570870876312
2722.0,0.3572978675365448
2723.0,0.22338518500328064
2724.0,0.6332148909568787
2725.0,0.4512721598148346
2726.0,0.5667790174484253
2727.0,0.054837074130773544
2728.0,0.6465288400650024
2729.0,0.07215218245983124
2730.0,0.626033365726471
2731.0,0.15449844300746918
2732.0,0.5910112261772156
2733.0,0.3494299650192261
2734.0,0.1031641736626625
2735.0,0.23337669670581818
2736.0,0.23309634625911713
2737.0,0.0723075196146965
2738.0,0.1957959234714508
2739.0,0.6384938955307007
2740.0,0.06447504460811615
2741.0,0.5485256314277649
2742.0,0.10283865034580231
2743.0,0.25854387879371643
2744.0,0.036325983703136444
2745.0,0.10279761999845505
2746.0,0.43927234411239624
2747.0,0.592307984828949
2748.0,0.029081720858812332
2749.0,0.6523846387863159
2750.0,0.3012404143810272
2751.0,0.21965326368808746
2752.0,0.017246970906853676
2753.0,0.08123777061700821
2754.0,0.5361313223838806
2755.0,0.390107661485672
2756.0,0.5079284310340881
2757.0,0.39569076895713806
2758.0,0.5926578044891357
2759.0,0.12303227186203003
2760.0,0.45213183760643005
2761.0,0.06913391500711441
2762.0,0.38762426376342773
2763.0,0.566712498664856
2764.0,0.09043698012828827
2765.0,0.26016873121261597
2766.0,0.26794570684432983
2767.0,0.6392322182655334
2768.0,0.6130944490432739
2769.0,0.5807373523712158
2770.0,0.032518673688173294
2771.0,0.06008600443601608
2772.0,0.6156322956085205
2773.0,0.6479763984680176
